{
  "model_type": "ensemble",
  "input_dim": 100,
  "num_classes": 4,
  "class_names": [
    "Normal",
    "Anxiety",
    "Depression",
    "Stress"
  ],
  "hidden_dims": [
    128,
    64
  ],
  "trained_at": "2026-01-12T17:16:23.879633",
  "training_samples": 7000,
  "test_accuracy": 0.972,
  "test_f1": 0.9720163287690609,
  "individual_model_weights": [
    0.9659540213274694,
    0.8681105190784996,
    0.9605978556264806,
    0.6534439929988076
  ],
  "indian_voice_optimized": true,
  "version": "2.0"
}