{"mean": [0.004328712772781614, 0.004234547073050726, -0.005270955132414383, -0.0009692457398603438, -0.08363617727312375, -0.08809125483351173, -0.0893535410447148, -0.08732028871120565, 0.003364906239980337, -0.00404074333389708, 0.0005635326935236663, -0.0017890743204297904, 0.0034088601830224432, -0.004638662689286866, 0.00192296803030506, -0.004133833637516728, 0.0064682602461321945, -0.009233715866394595, -0.0013059939968419712, 0.00084505532343901, 0.004151632552881711, 0.003616371470649028, -0.002225896776758964, 0.002812171135300741, -0.0008049361900174972, 0.005540360908048023, -0.0003007869907921304, 0.0013325692618753238, -0.00012353137420041094, -0.002098698593161498, 0.049812301730632134, 0.04279021769106003, 0.043749658579597596, 0.04426748471675946, 0.05008354378560907, 0.047649159490847526, 0.04864507530607734, 0.05000990588946152, 0.057356508237889646, 0.03957973480008804, 0.05086775266284312, 0.05265380114927684, 0.04907416102876159, 0.05819865250004805, 0.03744267427045488, 0.042747108726195165, 0.03908475201802048, 0.04992909833046778, 0.05819290741119767, 0.05796394444363541, 0.04708793058851006, 0.036745753209916805, 0.043033238435765085, 0.05000352730191335, 0.04908149594442875, 0.002895116832994245, -0.0026184720608211135, 0.005046663816961518, 0.0020773034922092846, -0.002294278589068563, -0.0022586564772399697, -0.0032474693423142527, 3.004713188747701e-05, 0.0011698548565524107, 0.002825197331426898, -0.0019852843520638997, 0.0006114189178033485, 0.0012826614997102296, 0.0012481304131622892, 0.003775864780459506, 161.0508281776428, 28.68725701432228, 0.0008087848358233713, 0.0003181751913223707, -0.001389634166115866, 0.0050491745043676475, -0.0009292292387244743, -0.000951183731949277, 3.973013324570656, -0.0010365206664107972, 0.20316254575005296, 0.002599047000535575, -0.0012218804976651882, 0.0011163649318341412, -0.0037011246679438045, 0.028795039719867306, -0.009838441096387374, 0.025559020153537858, -0.001289182483181139, 14.13703026676178, -0.0005358851777845075, -0.003159096385016642, 0.003156199969869704, 0.0005664238744458771, 0.0006868783663984687, 0.001984623901893974, -0.0021552591563377063, -0.003825862694480202, 0.005171975093692891, -0.0007245757602197046], "scale": [0.3141622281180687, 0.3137665244550165, 0.32096781696215987, 0.3167949227734669, 0.31943296233890606, 0.3216786794794748, 0.32302118746575303, 0.32120266824401605, 0.31759112593768807, 0.31552500210856926, 0.31535438667959576, 0.31580203449476, 0.31922058302046286, 0.31428392123764404, 0.3165913057859209, 0.3199206355530905, 0.318152997223125, 0.31656176156901883, 0.31601181396314876, 0.31611089983384477, 0.317845302569711, 0.31781308496231414, 0.3183585916657363, 0.31657261557763144, 0.31521143368325943, 0.3148108329950007, 0.3161561796218509, 0.3159950651653197, 0.31861833455148864, 0.31404561934195435, 0.6098978426803279, 0.6088362986309268, 0.6116205701065374, 0.6145922954973759, 0.6190265006974244, 0.6120790222869041, 0.6082154703650748, 0.6179685466183816, 0.6225964958611783, 0.6059381542013133, 0.613177583535686, 0.616414745356742, 0.6106008318803621, 0.6203685562732622, 0.6041703567172668, 0.6134120974481815, 0.6148320632605261, 0.6258810904791292, 0.6217709159895722, 0.610010764855555, 0.6161623087532909, 0.6141245319183587, 0.6172453370586046, 0.6081689911782755, 0.6177858863714988, 0.3186319345822284, 0.3131051483737666, 0.31729827214486134, 0.3149586636749163, 0.3111998060152423, 0.31506946624702514, 0.3149798435368996, 0.3204472744723701, 0.3182565148931633, 0.31748467475678305, 0.3165306997072468, 0.3144867452859972, 0.3175042141972198, 0.31431271032564095, 0.31547727304344764, 42.10458564385915, 14.921291188390965, 0.3131125328961755, 0.31507557491015076, 0.3140746871908932, 0.3170928002772014, 0.31661697615735707, 0.31219768104748785, 1.3202438847975053, 0.3170885967686231, 0.3213218789725998, 0.3186916629294947, 0.32303154243017795, 0.31484349350847474, 0.31731598962393337, 0.10104483816411906, 0.3155907172633014, 0.2820048541254814, 0.3163178375595659, 4.281150436657552, 0.31385666193085965, 0.3222054334258162, 0.31779398139202614, 0.3169110430948814, 0.31221335788063, 0.3171529404566544, 0.3157714509598064, 0.31643660822993225, 0.31398983816802156, 0.31245454619158175]}